Business,Loan Product,Type,Status,APR Range,Term,Max Amount,Issues,Warnings,Notes
Sample Co LLC,Business Line of Credit,Bank / Online,ELIGIBLE,8% – 24%,Revolving (renewed annually),"$500,000",,,Flexible — draw only what you need. Ideal for managing cash flow gaps.
Sample Co LLC,Online / Alternative Term Loan,Online Lender,ELIGIBLE,15% – 45%,3 months – 5 years,"$500,000",,,Fast approval (1-3 days). Higher rates. Good fallback if bank loans are out of reach.
Sample Co LLC,Merchant Cash Advance (MCA),Alternative,ELIGIBLE,40% – 150%+ (factor rate 1.1–1.5),3 – 18 months,"$500,000",,,VERY expensive — last resort only. Repaid as % of daily credit card sales.
Sample Co LLC,Revenue-Based Financing,Online Lender,ELIGIBLE,15% – 50% (factor rate 1.1–1.3),6 – 24 months,"$500,000",,,Repaid as % of monthly revenue — no fixed payment. Scales with business performance.
Sample Co LLC,SBA 7(a) Loan,SBA,PARTIAL,6.5% – 10%,Up to 10 yrs (25 for real estate),"$5,000,000",,Credit score 660 is borderline for this product (minimum 650),Best rates available. Slow approval (weeks). SBA guarantee reduces lender risk.
Sample Co LLC,SBA Microloan,SBA,PARTIAL,8% – 13%,Up to 6 years,"$50,000",,"Requested $75,000 exceeds product max $50,000 — partial funding only",Great for startups and small needs. Issued through nonprofit intermediaries.
Sample Co LLC,SBA 504 Loan,SBA,INELIGIBLE,5.5% – 7.5%,10 or 20 years,"$5,500,000","Loan purpose 'working_capital' not supported by this product | Requested $75,000 is below minimum $125,000 | Personal credit 660 < required 680",,Only for real estate or major equipment. Requires ~10% down payment.
Sample Co LLC,Traditional Bank Term Loan,Bank,INELIGIBLE,6% – 13%,1 – 7 years,"$1,000,000",Personal credit 660 < required 680,,"Low rates, strict qualification. Approval takes weeks. Best for established businesses."
Sample Co LLC,Invoice Financing,Alternative,INELIGIBLE,1% – 5% per month,Until invoice paid (30–90 days),Invoice-based,Requires outstanding B2B invoices — not indicated,,Advances 85–90% of outstanding invoices. Credit score is much less important here.
Sample Co LLC,Equipment Financing,Bank / Online,INELIGIBLE,5% – 20%,1 – 7 years,"$5,000,000",Loan purpose 'working_capital' not supported by this product,,Equipment itself is collateral — easier to qualify. Covers up to 100% of cost.
